Sample Volume (ml),50,
Titrant normality,0.1,
Equivalent Volume (ml),0.373204,
ANC (eq/L),0.000746,
correlation coefficient,0.999955,
,,
Titrant Volume (ml),pH,F1
0,6.436304,0
0.1,6.271508,0.000001
0.2,6.006785,0.000001
0.3,5.530882,0.000003
0.4,4.393167,0.000041
0.5,3.744929,0.000182
0.6,3.489278,0.000328
0.7,3.334321,0.00047
